{"cameraMode":{"drawMode":0,"name":"Shaded","section":"Shading Mode"},"sceneLighting":true,"audioPlay":false,"sceneViewState":{"showFog":true,"showMaterialUpdate":false,"showSkybox":true,"showFlares":true,"showImageEffects":true,"showParticleSystems":true},"in2DMode":false,"pivot":{"x":-1.9244760274887086,"y":2.405973434448242,"z":0.7400094270706177},"rotation":{"x":-0.09552296996116638,"y":-0.02926446869969368,"z":0.0028092036955058576,"w":-0.9949972033500671},"size":3.501919984817505,"orthographic":false}